北京,http://piao.qunar.com/ticket/list.htm?keyword=北京
上海,http://piao.qunar.com/ticket/list.htm?keyword=上海
成都,http://piao.qunar.com/ticket/list.htm?keyword=成都
三亚,http://piao.qunar.com/ticket/list.htm?keyword=三亚
广州,http://piao.qunar.com/ticket/list.htm?keyword=广州
重庆,http://piao.qunar.com/ticket/list.htm?keyword=重庆
深圳,http://piao.qunar.com/ticket/list.htm?keyword=深圳
西安,http://piao.qunar.com/ticket/list.htm?keyword=西安
杭州,http://piao.qunar.com/ticket/list.htm?keyword=杭州
厦门,http://piao.qunar.com/ticket/list.htm?keyword=厦门
武汉,http://piao.qunar.com/ticket/list.htm?keyword=武汉
大连,http://piao.qunar.com/ticket/list.htm?keyword=大连
苏州,http://piao.qunar.com/ticket/list.htm?keyword=苏州
青岛,http://piao.qunar.com/ticket/list.htm?keyword=青岛
天津,http://piao.qunar.com/ticket/list.htm?keyword=天津
南京,http://piao.qunar.com/ticket/list.htm?keyword=南京
香港,http://piao.qunar.com/ticket/list.htm?keyword=香港
桂林,http://piao.qunar.com/ticket/list.htm?keyword=桂林
郑州,http://piao.qunar.com/ticket/list.htm?keyword=郑州
昆明,http://piao.qunar.com/ticket/list.htm?keyword=昆明
东莞,http://piao.qunar.com/ticket/list.htm?keyword=东莞
中山,http://piao.qunar.com/ticket/list.htm?keyword=中山
韶关,http://piao.qunar.com/ticket/list.htm?keyword=韶关
清远,http://piao.qunar.com/ticket/list.htm?keyword=清远
河源,http://piao.qunar.com/ticket/list.htm?keyword=河源
肇庆,http://piao.qunar.com/ticket/list.htm?keyword=肇庆
惠州,http://piao.qunar.com/ticket/list.htm?keyword=惠州
珠海,http://piao.qunar.com/ticket/list.htm?keyword=珠海
阳江,http://piao.qunar.com/ticket/list.htm?keyword=阳江
茂名,http://piao.qunar.com/ticket/list.htm?keyword=茂名
湛江,http://piao.qunar.com/ticket/list.htm?keyword=湛江
梅州,http://piao.qunar.com/ticket/list.htm?keyword=梅州
潮州,http://piao.qunar.com/ticket/list.htm?keyword=潮州
江门,http://piao.qunar.com/ticket/list.htm?keyword=江门
汕尾,http://piao.qunar.com/ticket/list.htm?keyword=汕尾
揭阳,http://piao.qunar.com/ticket/list.htm?keyword=揭阳
汕头,http://piao.qunar.com/ticket/list.htm?keyword=汕头
云浮,http://piao.qunar.com/ticket/list.htm?keyword=云浮
East End,http://piao.qunar.com/ticket/list.htm?keyword=East End
佛山,http://piao.qunar.com/ticket/list.htm?keyword=佛山
北海,http://piao.qunar.com/ticket/list.htm?keyword=北海
贵港,http://piao.qunar.com/ticket/list.htm?keyword=贵港
南宁,http://piao.qunar.com/ticket/list.htm?keyword=南宁
百色,http://piao.qunar.com/ticket/list.htm?keyword=百色
贺州,http://piao.qunar.com/ticket/list.htm?keyword=贺州
防城港,http://piao.qunar.com/ticket/list.htm?keyword=防城港
河池,http://piao.qunar.com/ticket/list.htm?keyword=河池
钦州,http://piao.qunar.com/ticket/list.htm?keyword=钦州
梧州,http://piao.qunar.com/ticket/list.htm?keyword=梧州
东兴,http://piao.qunar.com/ticket/list.htm?keyword=东兴
来宾,http://piao.qunar.com/ticket/list.htm?keyword=来宾
柳州,http://piao.qunar.com/ticket/list.htm?keyword=柳州
玉林,http://piao.qunar.com/ticket/list.htm?keyword=玉林
崇左,http://piao.qunar.com/ticket/list.htm?keyword=崇左
保亭黎族苗族自治县,http://piao.qunar.com/ticket/list.htm?keyword=保亭黎族苗族自治县
澄迈,http://piao.qunar.com/ticket/list.htm?keyword=澄迈
海口,http://piao.qunar.com/ticket/list.htm?keyword=海口
文昌,http://piao.qunar.com/ticket/list.htm?keyword=文昌
万宁,http://piao.qunar.com/ticket/list.htm?keyword=万宁
琼海,http://piao.qunar.com/ticket/list.htm?keyword=琼海
儋州,http://piao.qunar.com/ticket/list.htm?keyword=儋州
屯昌,http://piao.qunar.com/ticket/list.htm?keyword=屯昌
定安,http://piao.qunar.com/ticket/list.htm?keyword=定安
五指山,http://piao.qunar.com/ticket/list.htm?keyword=五指山
昌江黎族自治县,http://piao.qunar.com/ticket/list.htm?keyword=昌江黎族自治县
临高,http://piao.qunar.com/ticket/list.htm?keyword=临高
白沙黎族自治县,http://piao.qunar.com/ticket/list.htm?keyword=白沙黎族自治县
乐东黎族自治县,http://piao.qunar.com/ticket/list.htm?keyword=乐东黎族自治县
东方,http://piao.qunar.com/ticket/list.htm?keyword=东方
琼中黎族苗族自治县,http://piao.qunar.com/ticket/list.htm?keyword=琼中黎族苗族自治县
三沙,http://piao.qunar.com/ticket/list.htm?keyword=三沙
陵水黎族自治县,http://piao.qunar.com/ticket/list.htm?keyword=陵水黎族自治县
大庆,http://piao.qunar.com/ticket/list.htm?keyword=大庆
哈尔滨,http://piao.qunar.com/ticket/list.htm?keyword=哈尔滨
绥化,http://piao.qunar.com/ticket/list.htm?keyword=绥化
大兴安岭,http://piao.qunar.com/ticket/list.htm?keyword=大兴安岭
鸡西,http://piao.qunar.com/ticket/list.htm?keyword=鸡西
牡丹江,http://piao.qunar.com/ticket/list.htm?keyword=牡丹江
伊春,http://piao.qunar.com/ticket/list.htm?keyword=伊春
黑河,http://piao.qunar.com/ticket/list.htm?keyword=黑河
佳木斯,http://piao.qunar.com/ticket/list.htm?keyword=佳木斯
鹤岗,http://piao.qunar.com/ticket/list.htm?keyword=鹤岗
七台河,http://piao.qunar.com/ticket/list.htm?keyword=七台河
齐齐哈尔,http://piao.qunar.com/ticket/list.htm?keyword=齐齐哈尔
双鸭山,http://piao.qunar.com/ticket/list.htm?keyword=双鸭山
白山,http://piao.qunar.com/ticket/list.htm?keyword=白山
长春,http://piao.qunar.com/ticket/list.htm?keyword=长春
吉林市,http://piao.qunar.com/ticket/list.htm?keyword=吉林市
延边,http://piao.qunar.com/ticket/list.htm?keyword=延边
松原,http://piao.qunar.com/ticket/list.htm?keyword=松原
通化,http://piao.qunar.com/ticket/list.htm?keyword=通化
白城,http://piao.qunar.com/ticket/list.htm?keyword=白城
四平,http://piao.qunar.com/ticket/list.htm?keyword=四平
辽源,http://piao.qunar.com/ticket/list.htm?keyword=辽源
伊加洛,http://piao.qunar.com/ticket/list.htm?keyword=伊加洛
赫尔采格诺维,http://piao.qunar.com/ticket/list.htm?keyword=赫尔采格诺维
苏托莫雷,http://piao.qunar.com/ticket/list.htm?keyword=苏托莫雷
比耶拉,http://piao.qunar.com/ticket/list.htm?keyword=比耶拉
维帕札,http://piao.qunar.com/ticket/list.htm?keyword=维帕札
盘锦,http://piao.qunar.com/ticket/list.htm?keyword=盘锦
沈阳,http://piao.qunar.com/ticket/list.htm?keyword=沈阳
本溪,http://piao.qunar.com/ticket/list.htm?keyword=本溪
葫芦岛,http://piao.qunar.com/ticket/list.htm?keyword=葫芦岛
鞍山,http://piao.qunar.com/ticket/list.htm?keyword=鞍山
抚顺,http://piao.qunar.com/ticket/list.htm?keyword=抚顺
锦州,http://piao.qunar.com/ticket/list.htm?keyword=锦州
朝阳,http://piao.qunar.com/ticket/list.htm?keyword=朝阳
营口,http://piao.qunar.com/ticket/list.htm?keyword=营口
辽阳,http://piao.qunar.com/ticket/list.htm?keyword=辽阳
阜新,http://piao.qunar.com/ticket/list.htm?keyword=阜新
铁岭,http://piao.qunar.com/ticket/list.htm?keyword=铁岭
丹东,http://piao.qunar.com/ticket/list.htm?keyword=丹东
德州,http://piao.qunar.com/ticket/list.htm?keyword=德州
淄博,http://piao.qunar.com/ticket/list.htm?keyword=淄博
枣庄,http://piao.qunar.com/ticket/list.htm?keyword=枣庄
威海,http://piao.qunar.com/ticket/list.htm?keyword=威海
滨州,http://piao.qunar.com/ticket/list.htm?keyword=滨州
烟台,http://piao.qunar.com/ticket/list.htm?keyword=烟台
聊城,http://piao.qunar.com/ticket/list.htm?keyword=聊城
济宁,http://piao.qunar.com/ticket/list.htm?keyword=济宁
潍坊,http://piao.qunar.com/ticket/list.htm?keyword=潍坊
邹平市,http://piao.qunar.com/ticket/list.htm?keyword=邹平市
济南,http://piao.qunar.com/ticket/list.htm?keyword=济南
临沂,http://piao.qunar.com/ticket/list.htm?keyword=临沂
东营,http://piao.qunar.com/ticket/list.htm?keyword=东营
菏泽,http://piao.qunar.com/ticket/list.htm?keyword=菏泽
日照,http://piao.qunar.com/ticket/list.htm?keyword=日照
泰安,http://piao.qunar.com/ticket/list.htm?keyword=泰安
三明,http://piao.qunar.com/ticket/list.htm?keyword=三明
福州,http://piao.qunar.com/ticket/list.htm?keyword=福州
漳州,http://piao.qunar.com/ticket/list.htm?keyword=漳州
宁德,http://piao.qunar.com/ticket/list.htm?keyword=宁德
龙岩,http://piao.qunar.com/ticket/list.htm?keyword=龙岩
莆田,http://piao.qunar.com/ticket/list.htm?keyword=莆田
泉州,http://piao.qunar.com/ticket/list.htm?keyword=泉州
南平,http://piao.qunar.com/ticket/list.htm?keyword=南平
宁波,http://piao.qunar.com/ticket/list.htm?keyword=宁波
绍兴,http://piao.qunar.com/ticket/list.htm?keyword=绍兴
嘉兴,http://piao.qunar.com/ticket/list.htm?keyword=嘉兴
丽水,http://piao.qunar.com/ticket/list.htm?keyword=丽水
温州,http://piao.qunar.com/ticket/list.htm?keyword=温州
金华,http://piao.qunar.com/ticket/list.htm?keyword=金华
台州,http://piao.qunar.com/ticket/list.htm?keyword=台州
湖州,http://piao.qunar.com/ticket/list.htm?keyword=湖州
衢州,http://piao.qunar.com/ticket/list.htm?keyword=衢州
舟山,http://piao.qunar.com/ticket/list.htm?keyword=舟山
上饶,http://piao.qunar.com/ticket/list.htm?keyword=上饶
宜春,http://piao.qunar.com/ticket/list.htm?keyword=宜春
南昌,http://piao.qunar.com/ticket/list.htm?keyword=南昌
九江,http://piao.qunar.com/ticket/list.htm?keyword=九江
赣州,http://piao.qunar.com/ticket/list.htm?keyword=赣州
吉安,http://piao.qunar.com/ticket/list.htm?keyword=吉安
抚州,http://piao.qunar.com/ticket/list.htm?keyword=抚州
新余,http://piao.qunar.com/ticket/list.htm?keyword=新余
鹰潭,http://piao.qunar.com/ticket/list.htm?keyword=鹰潭
景德镇,http://piao.qunar.com/ticket/list.htm?keyword=景德镇
萍乡,http://piao.qunar.com/ticket/list.htm?keyword=萍乡
泰州,http://piao.qunar.com/ticket/list.htm?keyword=泰州
宿迁,http://piao.qunar.com/ticket/list.htm?keyword=宿迁
无锡,http://piao.qunar.com/ticket/list.htm?keyword=无锡
连云港,http://piao.qunar.com/ticket/list.htm?keyword=连云港
镇江,http://piao.qunar.com/ticket/list.htm?keyword=镇江
扬州,http://piao.qunar.com/ticket/list.htm?keyword=扬州
淮安,http://piao.qunar.com/ticket/list.htm?keyword=淮安
南通,http://piao.qunar.com/ticket/list.htm?keyword=南通
盐城,http://piao.qunar.com/ticket/list.htm?keyword=盐城
徐州,http://piao.qunar.com/ticket/list.htm?keyword=徐州
常州,http://piao.qunar.com/ticket/list.htm?keyword=常州
安庆,http://piao.qunar.com/ticket/list.htm?keyword=安庆
合肥,http://piao.qunar.com/ticket/list.htm?keyword=合肥
六安,http://piao.qunar.com/ticket/list.htm?keyword=六安
池州,http://piao.qunar.com/ticket/list.htm?keyword=池州
宿州,http://piao.qunar.com/ticket/list.htm?keyword=宿州
黄山,http://piao.qunar.com/ticket/list.htm?keyword=黄山
马鞍山,http://piao.qunar.com/ticket/list.htm?keyword=马鞍山
宣城,http://piao.qunar.com/ticket/list.htm?keyword=宣城
淮南,http://piao.qunar.com/ticket/list.htm?keyword=淮南
蚌埠,http://piao.qunar.com/ticket/list.htm?keyword=蚌埠
滁州,http://piao.qunar.com/ticket/list.htm?keyword=滁州
芜湖,http://piao.qunar.com/ticket/list.htm?keyword=芜湖
阜阳,http://piao.qunar.com/ticket/list.htm?keyword=阜阳
淮北,http://piao.qunar.com/ticket/list.htm?keyword=淮北
亳州,http://piao.qunar.com/ticket/list.htm?keyword=亳州
铜陵,http://piao.qunar.com/ticket/list.htm?keyword=铜陵
澳门,http://piao.qunar.com/ticket/list.htm?keyword=澳门
云林,http://piao.qunar.com/ticket/list.htm?keyword=云林
新北,http://piao.qunar.com/ticket/list.htm?keyword=新北
淡水,http://piao.qunar.com/ticket/list.htm?keyword=淡水
高雄,http://piao.qunar.com/ticket/list.htm?keyword=高雄
桃园,http://piao.qunar.com/ticket/list.htm?keyword=桃园
台北,http://piao.qunar.com/ticket/list.htm?keyword=台北
嘉义县,http://piao.qunar.com/ticket/list.htm?keyword=嘉义县
宜兰,http://piao.qunar.com/ticket/list.htm?keyword=宜兰
台南,http://piao.qunar.com/ticket/list.htm?keyword=台南
屏东,http://piao.qunar.com/ticket/list.htm?keyword=屏东
花莲,http://piao.qunar.com/ticket/list.htm?keyword=花莲
新竹,http://piao.qunar.com/ticket/list.htm?keyword=新竹
南投,http://piao.qunar.com/ticket/list.htm?keyword=南投
彰化,http://piao.qunar.com/ticket/list.htm?keyword=彰化
苗栗,http://piao.qunar.com/ticket/list.htm?keyword=苗栗
基隆,http://piao.qunar.com/ticket/list.htm?keyword=基隆
台中,http://piao.qunar.com/ticket/list.htm?keyword=台中
嘉义市,http://piao.qunar.com/ticket/list.htm?keyword=嘉义市
台东,http://piao.qunar.com/ticket/list.htm?keyword=台东
新竹县,http://piao.qunar.com/ticket/list.htm?keyword=新竹县
澎湖列岛,http://piao.qunar.com/ticket/list.htm?keyword=澎湖列岛
林芝,http://piao.qunar.com/ticket/list.htm?keyword=林芝
昌都,http://piao.qunar.com/ticket/list.htm?keyword=昌都
山南,http://piao.qunar.com/ticket/list.htm?keyword=山南
拉萨,http://piao.qunar.com/ticket/list.htm?keyword=拉萨
日喀则,http://piao.qunar.com/ticket/list.htm?keyword=日喀则
阿里,http://piao.qunar.com/ticket/list.htm?keyword=阿里
那曲,http://piao.qunar.com/ticket/list.htm?keyword=那曲
绵阳,http://piao.qunar.com/ticket/list.htm?keyword=绵阳
凉山州,http://piao.qunar.com/ticket/list.htm?keyword=凉山州
南充,http://piao.qunar.com/ticket/list.htm?keyword=南充
甘孜州,http://piao.qunar.com/ticket/list.htm?keyword=甘孜州
内江,http://piao.qunar.com/ticket/list.htm?keyword=内江
泸州,http://piao.qunar.com/ticket/list.htm?keyword=泸州
广安,http://piao.qunar.com/ticket/list.htm?keyword=广安
德阳,http://piao.qunar.com/ticket/list.htm?keyword=德阳
乐山,http://piao.qunar.com/ticket/list.htm?keyword=乐山
眉山,http://piao.qunar.com/ticket/list.htm?keyword=眉山
自贡,http://piao.qunar.com/ticket/list.htm?keyword=自贡
遂宁,http://piao.qunar.com/ticket/list.htm?keyword=遂宁
雅安,http://piao.qunar.com/ticket/list.htm?keyword=雅安
阿坝藏族羌族自治州,http://piao.qunar.com/ticket/list.htm?keyword=阿坝藏族羌族自治州
宜宾,http://piao.qunar.com/ticket/list.htm?keyword=宜宾
广元,http://piao.qunar.com/ticket/list.htm?keyword=广元
资阳,http://piao.qunar.com/ticket/list.htm?keyword=资阳
攀枝花,http://piao.qunar.com/ticket/list.htm?keyword=攀枝花
达州,http://piao.qunar.com/ticket/list.htm?keyword=达州
巴中,http://piao.qunar.com/ticket/list.htm?keyword=巴中
毕节,http://piao.qunar.com/ticket/list.htm?keyword=毕节
铜仁,http://piao.qunar.com/ticket/list.htm?keyword=铜仁
遵义,http://piao.qunar.com/ticket/list.htm?keyword=遵义
贵阳,http://piao.qunar.com/ticket/list.htm?keyword=贵阳
黔东南,http://piao.qunar.com/ticket/list.htm?keyword=黔东南
安顺,http://piao.qunar.com/ticket/list.htm?keyword=安顺
黔西南,http://piao.qunar.com/ticket/list.htm?keyword=黔西南
盘州,http://piao.qunar.com/ticket/list.htm?keyword=盘州
黔南,http://piao.qunar.com/ticket/list.htm?keyword=黔南
六盘水,http://piao.qunar.com/ticket/list.htm?keyword=六盘水
大理,http://piao.qunar.com/ticket/list.htm?keyword=大理
昭通,http://piao.qunar.com/ticket/list.htm?keyword=昭通
玉溪,http://piao.qunar.com/ticket/list.htm?keyword=玉溪
西双版纳,http://piao.qunar.com/ticket/list.htm?keyword=西双版纳
德宏,http://piao.qunar.com/ticket/list.htm?keyword=德宏
保山,http://piao.qunar.com/ticket/list.htm?keyword=保山
临沧,http://piao.qunar.com/ticket/list.htm?keyword=临沧
红河,http://piao.qunar.com/ticket/list.htm?keyword=红河
普洱,http://piao.qunar.com/ticket/list.htm?keyword=普洱
迪庆,http://piao.qunar.com/ticket/list.htm?keyword=迪庆
文山,http://piao.qunar.com/ticket/list.htm?keyword=文山
曲靖,http://piao.qunar.com/ticket/list.htm?keyword=曲靖
怒江,http://piao.qunar.com/ticket/list.htm?keyword=怒江
丽江,http://piao.qunar.com/ticket/list.htm?keyword=丽江
楚雄彝族自治州,http://piao.qunar.com/ticket/list.htm?keyword=楚雄彝族自治州
北京,http://piao.qunar.com/ticket/list.htm?keyword=北京
赤峰,http://piao.qunar.com/ticket/list.htm?keyword=赤峰
包头,http://piao.qunar.com/ticket/list.htm?keyword=包头
阿拉善盟,http://piao.qunar.com/ticket/list.htm?keyword=阿拉善盟
鄂尔多斯,http://piao.qunar.com/ticket/list.htm?keyword=鄂尔多斯
呼伦贝尔,http://piao.qunar.com/ticket/list.htm?keyword=呼伦贝尔
锡林郭勒盟,http://piao.qunar.com/ticket/list.htm?keyword=锡林郭勒盟
乌兰察布,http://piao.qunar.com/ticket/list.htm?keyword=乌兰察布
呼和浩特,http://piao.qunar.com/ticket/list.htm?keyword=呼和浩特
兴安盟,http://piao.qunar.com/ticket/list.htm?keyword=兴安盟
通辽,http://piao.qunar.com/ticket/list.htm?keyword=通辽
巴彦淖尔,http://piao.qunar.com/ticket/list.htm?keyword=巴彦淖尔
乌海,http://piao.qunar.com/ticket/list.htm?keyword=乌海
晋中,http://piao.qunar.com/ticket/list.htm?keyword=晋中
忻州,http://piao.qunar.com/ticket/list.htm?keyword=忻州
运城,http://piao.qunar.com/ticket/list.htm?keyword=运城
太原,http://piao.qunar.com/ticket/list.htm?keyword=太原
晋城,http://piao.qunar.com/ticket/list.htm?keyword=晋城
吕梁,http://piao.qunar.com/ticket/list.htm?keyword=吕梁
临汾,http://piao.qunar.com/ticket/list.htm?keyword=临汾
阳泉,http://piao.qunar.com/ticket/list.htm?keyword=阳泉
长治,http://piao.qunar.com/ticket/list.htm?keyword=长治
朔州,http://piao.qunar.com/ticket/list.htm?keyword=朔州
大同,http://piao.qunar.com/ticket/list.htm?keyword=大同
唐山,http://piao.qunar.com/ticket/list.htm?keyword=唐山
秦皇岛,http://piao.qunar.com/ticket/list.htm?keyword=秦皇岛
邯郸,http://piao.qunar.com/ticket/list.htm?keyword=邯郸
石家庄,http://piao.qunar.com/ticket/list.htm?keyword=石家庄
张家口,http://piao.qunar.com/ticket/list.htm?keyword=张家口
沧州,http://piao.qunar.com/ticket/list.htm?keyword=沧州
衡水,http://piao.qunar.com/ticket/list.htm?keyword=衡水
邢台,http://piao.qunar.com/ticket/list.htm?keyword=邢台
承德,http://piao.qunar.com/ticket/list.htm?keyword=承德
廊坊,http://piao.qunar.com/ticket/list.htm?keyword=廊坊
保定,http://piao.qunar.com/ticket/list.htm?keyword=保定
安阳,http://piao.qunar.com/ticket/list.htm?keyword=安阳
三门峡,http://piao.qunar.com/ticket/list.htm?keyword=三门峡
新乡,http://piao.qunar.com/ticket/list.htm?keyword=新乡
南阳,http://piao.qunar.com/ticket/list.htm?keyword=南阳
济源,http://piao.qunar.com/ticket/list.htm?keyword=济源
平顶山,http://piao.qunar.com/ticket/list.htm?keyword=平顶山
洛阳,http://piao.qunar.com/ticket/list.htm?keyword=洛阳
焦作,http://piao.qunar.com/ticket/list.htm?keyword=焦作
许昌,http://piao.qunar.com/ticket/list.htm?keyword=许昌
信阳,http://piao.qunar.com/ticket/list.htm?keyword=信阳
开封,http://piao.qunar.com/ticket/list.htm?keyword=开封
周口,http://piao.qunar.com/ticket/list.htm?keyword=周口
漯河,http://piao.qunar.com/ticket/list.htm?keyword=漯河
商丘,http://piao.qunar.com/ticket/list.htm?keyword=商丘
驻马店,http://piao.qunar.com/ticket/list.htm?keyword=驻马店
鹤壁,http://piao.qunar.com/ticket/list.htm?keyword=鹤壁
濮阳,http://piao.qunar.com/ticket/list.htm?keyword=濮阳
咸宁,http://piao.qunar.com/ticket/list.htm?keyword=咸宁
随州,http://piao.qunar.com/ticket/list.htm?keyword=随州
黄冈,http://piao.qunar.com/ticket/list.htm?keyword=黄冈
十堰,http://piao.qunar.com/ticket/list.htm?keyword=十堰
荆门,http://piao.qunar.com/ticket/list.htm?keyword=荆门
天门,http://piao.qunar.com/ticket/list.htm?keyword=天门
荆州,http://piao.qunar.com/ticket/list.htm?keyword=荆州
恩施,http://piao.qunar.com/ticket/list.htm?keyword=恩施
宜昌,http://piao.qunar.com/ticket/list.htm?keyword=宜昌
黄石,http://piao.qunar.com/ticket/list.htm?keyword=黄石
神农架,http://piao.qunar.com/ticket/list.htm?keyword=神农架
襄阳,http://piao.qunar.com/ticket/list.htm?keyword=襄阳
孝感,http://piao.qunar.com/ticket/list.htm?keyword=孝感
鄂州,http://piao.qunar.com/ticket/list.htm?keyword=鄂州
潜江,http://piao.qunar.com/ticket/list.htm?keyword=潜江
仙桃,http://piao.qunar.com/ticket/list.htm?keyword=仙桃
邵东市,http://piao.qunar.com/ticket/list.htm?keyword=邵东市
益阳,http://piao.qunar.com/ticket/list.htm?keyword=益阳
长沙,http://piao.qunar.com/ticket/list.htm?keyword=长沙
邵阳,http://piao.qunar.com/ticket/list.htm?keyword=邵阳
娄底,http://piao.qunar.com/ticket/list.htm?keyword=娄底
常德,http://piao.qunar.com/ticket/list.htm?keyword=常德
张家界,http://piao.qunar.com/ticket/list.htm?keyword=张家界
郴州,http://piao.qunar.com/ticket/list.htm?keyword=郴州
湘潭,http://piao.qunar.com/ticket/list.htm?keyword=湘潭
岳阳,http://piao.qunar.com/ticket/list.htm?keyword=岳阳
永州,http://piao.qunar.com/ticket/list.htm?keyword=永州
湘西,http://piao.qunar.com/ticket/list.htm?keyword=湘西
株洲,http://piao.qunar.com/ticket/list.htm?keyword=株洲
冷水江,http://piao.qunar.com/ticket/list.htm?keyword=冷水江
怀化,http://piao.qunar.com/ticket/list.htm?keyword=怀化
衡阳,http://piao.qunar.com/ticket/list.htm?keyword=衡阳
兰州,http://piao.qunar.com/ticket/list.htm?keyword=兰州
平凉,http://piao.qunar.com/ticket/list.htm?keyword=平凉
天水,http://piao.qunar.com/ticket/list.htm?keyword=天水
嘉峪关,http://piao.qunar.com/ticket/list.htm?keyword=嘉峪关
张掖,http://piao.qunar.com/ticket/list.htm?keyword=张掖
甘南,http://piao.qunar.com/ticket/list.htm?keyword=甘南
陇南,http://piao.qunar.com/ticket/list.htm?keyword=陇南
酒泉,http://piao.qunar.com/ticket/list.htm?keyword=酒泉
武威,http://piao.qunar.com/ticket/list.htm?keyword=武威
金昌,http://piao.qunar.com/ticket/list.htm?keyword=金昌
临夏,http://piao.qunar.com/ticket/list.htm?keyword=临夏
庆阳,http://piao.qunar.com/ticket/list.htm?keyword=庆阳
白银,http://piao.qunar.com/ticket/list.htm?keyword=白银
定西,http://piao.qunar.com/ticket/list.htm?keyword=定西
银川,http://piao.qunar.com/ticket/list.htm?keyword=银川
固原,http://piao.qunar.com/ticket/list.htm?keyword=固原
中卫,http://piao.qunar.com/ticket/list.htm?keyword=中卫
石嘴山,http://piao.qunar.com/ticket/list.htm?keyword=石嘴山
吴忠,http://piao.qunar.com/ticket/list.htm?keyword=吴忠
海西蒙古族藏族自治州,http://piao.qunar.com/ticket/list.htm?keyword=海西蒙古族藏族自治州
黄南藏族自治州,http://piao.qunar.com/ticket/list.htm?keyword=黄南藏族自治州
西宁,http://piao.qunar.com/ticket/list.htm?keyword=西宁
海北藏族自治州,http://piao.qunar.com/ticket/list.htm?keyword=海北藏族自治州
海南藏族自治州,http://piao.qunar.com/ticket/list.htm?keyword=海南藏族自治州
果洛藏族自治州,http://piao.qunar.com/ticket/list.htm?keyword=果洛藏族自治州
海东地区,http://piao.qunar.com/ticket/list.htm?keyword=海东地区
玉树藏族自治州,http://piao.qunar.com/ticket/list.htm?keyword=玉树藏族自治州
延安,http://piao.qunar.com/ticket/list.htm?keyword=延安
渭南,http://piao.qunar.com/ticket/list.htm?keyword=渭南
商洛,http://piao.qunar.com/ticket/list.htm?keyword=商洛
汉中,http://piao.qunar.com/ticket/list.htm?keyword=汉中
咸阳,http://piao.qunar.com/ticket/list.htm?keyword=咸阳
榆林,http://piao.qunar.com/ticket/list.htm?keyword=榆林
宝鸡,http://piao.qunar.com/ticket/list.htm?keyword=宝鸡
安康,http://piao.qunar.com/ticket/list.htm?keyword=安康
铜川,http://piao.qunar.com/ticket/list.htm?keyword=铜川
北屯市,http://piao.qunar.com/ticket/list.htm?keyword=北屯市
喀什,http://piao.qunar.com/ticket/list.htm?keyword=喀什
阿勒泰,http://piao.qunar.com/ticket/list.htm?keyword=阿勒泰
塔城地区,http://piao.qunar.com/ticket/list.htm?keyword=塔城地区
阿克苏地区,http://piao.qunar.com/ticket/list.htm?keyword=阿克苏地区
博尔塔拉,http://piao.qunar.com/ticket/list.htm?keyword=博尔塔拉
可克达拉,http://piao.qunar.com/ticket/list.htm?keyword=可克达拉
乌鲁木齐,http://piao.qunar.com/ticket/list.htm?keyword=乌鲁木齐
哈密,http://piao.qunar.com/ticket/list.htm?keyword=哈密
双河,http://piao.qunar.com/ticket/list.htm?keyword=双河
吐鲁番,http://piao.qunar.com/ticket/list.htm?keyword=吐鲁番
石河子,http://piao.qunar.com/ticket/list.htm?keyword=石河子
和田,http://piao.qunar.com/ticket/list.htm?keyword=和田
克拉玛依,http://piao.qunar.com/ticket/list.htm?keyword=克拉玛依
巴音郭楞,http://piao.qunar.com/ticket/list.htm?keyword=巴音郭楞
昌吉,http://piao.qunar.com/ticket/list.htm?keyword=昌吉
图木舒克,http://piao.qunar.com/ticket/list.htm?keyword=图木舒克
阿拉尔,http://piao.qunar.com/ticket/list.htm?keyword=阿拉尔
五家渠市,http://piao.qunar.com/ticket/list.htm?keyword=五家渠市
克孜勒苏柯尔克孜,http://piao.qunar.com/ticket/list.htm?keyword=克孜勒苏柯尔克孜
伊犁,http://piao.qunar.com/ticket/list.htm?keyword=伊犁
