city,citylink
神农架,http://piao.qunar.com/ticket/list.htm?keyword=神农架
襄阳,http://piao.qunar.com/ticket/list.htm?keyword=襄阳
孝感,http://piao.qunar.com/ticket/list.htm?keyword=孝感
鄂州,http://piao.qunar.com/ticket/list.htm?keyword=鄂州
潜江,http://piao.qunar.com/ticket/list.htm?keyword=潜江
仙桃,http://piao.qunar.com/ticket/list.htm?keyword=仙桃
邵东市,http://piao.qunar.com/ticket/list.htm?keyword=邵东市
益阳,http://piao.qunar.com/ticket/list.htm?keyword=益阳
长沙,http://piao.qunar.com/ticket/list.htm?keyword=长沙
邵阳,http://piao.qunar.com/ticket/list.htm?keyword=邵阳
娄底,http://piao.qunar.com/ticket/list.htm?keyword=娄底
常德,http://piao.qunar.com/ticket/list.htm?keyword=常德
张家界,http://piao.qunar.com/ticket/list.htm?keyword=张家界
郴州,http://piao.qunar.com/ticket/list.htm?keyword=郴州
湘潭,http://piao.qunar.com/ticket/list.htm?keyword=湘潭
岳阳,http://piao.qunar.com/ticket/list.htm?keyword=岳阳
永州,http://piao.qunar.com/ticket/list.htm?keyword=永州
湘西,http://piao.qunar.com/ticket/list.htm?keyword=湘西
株洲,http://piao.qunar.com/ticket/list.htm?keyword=株洲
冷水江,http://piao.qunar.com/ticket/list.htm?keyword=冷水江
怀化,http://piao.qunar.com/ticket/list.htm?keyword=怀化
衡阳,http://piao.qunar.com/ticket/list.htm?keyword=衡阳
兰州,http://piao.qunar.com/ticket/list.htm?keyword=兰州
平凉,http://piao.qunar.com/ticket/list.htm?keyword=平凉
天水,http://piao.qunar.com/ticket/list.htm?keyword=天水
嘉峪关,http://piao.qunar.com/ticket/list.htm?keyword=嘉峪关
张掖,http://piao.qunar.com/ticket/list.htm?keyword=张掖
甘南,http://piao.qunar.com/ticket/list.htm?keyword=甘南
陇南,http://piao.qunar.com/ticket/list.htm?keyword=陇南
酒泉,http://piao.qunar.com/ticket/list.htm?keyword=酒泉
武威,http://piao.qunar.com/ticket/list.htm?keyword=武威
金昌,http://piao.qunar.com/ticket/list.htm?keyword=金昌
临夏,http://piao.qunar.com/ticket/list.htm?keyword=临夏
庆阳,http://piao.qunar.com/ticket/list.htm?keyword=庆阳
白银,http://piao.qunar.com/ticket/list.htm?keyword=白银
定西,http://piao.qunar.com/ticket/list.htm?keyword=定西
银川,http://piao.qunar.com/ticket/list.htm?keyword=银川
固原,http://piao.qunar.com/ticket/list.htm?keyword=固原
中卫,http://piao.qunar.com/ticket/list.htm?keyword=中卫
石嘴山,http://piao.qunar.com/ticket/list.htm?keyword=石嘴山
吴忠,http://piao.qunar.com/ticket/list.htm?keyword=吴忠
海西蒙古族藏族自治州,http://piao.qunar.com/ticket/list.htm?keyword=海西蒙古族藏族自治州
黄南藏族自治州,http://piao.qunar.com/ticket/list.htm?keyword=黄南藏族自治州
西宁,http://piao.qunar.com/ticket/list.htm?keyword=西宁
海北藏族自治州,http://piao.qunar.com/ticket/list.htm?keyword=海北藏族自治州
海南藏族自治州,http://piao.qunar.com/ticket/list.htm?keyword=海南藏族自治州
果洛藏族自治州,http://piao.qunar.com/ticket/list.htm?keyword=果洛藏族自治州
海东地区,http://piao.qunar.com/ticket/list.htm?keyword=海东地区
玉树藏族自治州,http://piao.qunar.com/ticket/list.htm?keyword=玉树藏族自治州
延安,http://piao.qunar.com/ticket/list.htm?keyword=延安
渭南,http://piao.qunar.com/ticket/list.htm?keyword=渭南
商洛,http://piao.qunar.com/ticket/list.htm?keyword=商洛
汉中,http://piao.qunar.com/ticket/list.htm?keyword=汉中
咸阳,http://piao.qunar.com/ticket/list.htm?keyword=咸阳
榆林,http://piao.qunar.com/ticket/list.htm?keyword=榆林
宝鸡,http://piao.qunar.com/ticket/list.htm?keyword=宝鸡
安康,http://piao.qunar.com/ticket/list.htm?keyword=安康
铜川,http://piao.qunar.com/ticket/list.htm?keyword=铜川
北屯市,http://piao.qunar.com/ticket/list.htm?keyword=北屯市
喀什,http://piao.qunar.com/ticket/list.htm?keyword=喀什
阿勒泰,http://piao.qunar.com/ticket/list.htm?keyword=阿勒泰
塔城地区,http://piao.qunar.com/ticket/list.htm?keyword=塔城地区
阿克苏地区,http://piao.qunar.com/ticket/list.htm?keyword=阿克苏地区
博尔塔拉,http://piao.qunar.com/ticket/list.htm?keyword=博尔塔拉
可克达拉,http://piao.qunar.com/ticket/list.htm?keyword=可克达拉
乌鲁木齐,http://piao.qunar.com/ticket/list.htm?keyword=乌鲁木齐
哈密,http://piao.qunar.com/ticket/list.htm?keyword=哈密
双河,http://piao.qunar.com/ticket/list.htm?keyword=双河
吐鲁番,http://piao.qunar.com/ticket/list.htm?keyword=吐鲁番
石河子,http://piao.qunar.com/ticket/list.htm?keyword=石河子
和田,http://piao.qunar.com/ticket/list.htm?keyword=和田
克拉玛依,http://piao.qunar.com/ticket/list.htm?keyword=克拉玛依
巴音郭楞,http://piao.qunar.com/ticket/list.htm?keyword=巴音郭楞
昌吉,http://piao.qunar.com/ticket/list.htm?keyword=昌吉
图木舒克,http://piao.qunar.com/ticket/list.htm?keyword=图木舒克
阿拉尔,http://piao.qunar.com/ticket/list.htm?keyword=阿拉尔
五家渠市,http://piao.qunar.com/ticket/list.htm?keyword=五家渠市
克孜勒苏柯尔克孜,http://piao.qunar.com/ticket/list.htm?keyword=克孜勒苏柯尔克孜
伊犁,http://piao.qunar.com/ticket/list.htm?keyword=伊犁
